# 事务简介

> https://juejin.cn/book/6844733769996304392/section/6844733770063609869

```
mysql> create table account(
    -> id int not null auto_increment comment '自增id',
    -> name varchar(100) comment '客户名称',
    -> balance int comment '余额',
    -> primary key (id)
    -> )engine = InnoDB charset=utf8;
```



```
mysql> insert into account(name, balance) values ('狗哥', 11) , ('猫爷', 2);
Query OK, 2 rows affected (0.00 sec)
Records: 2  Duplicates: 0  Warnings: 0

mysql> select * from account;
+----+--------+---------+
| id | name   | balance |
+----+--------+---------+
|  1 | 狗哥   |      11 |
|  2 | 猫爷   |       2 |
+----+--------+---------+
2 rows in set (0.00 sec)
```

转账

```
mysql> update account set balance = balance - 10 where id = 1;
mysql> update account set balance = balance + 10 where id = 2;
```

如果只执行了一条，服务器断电了。或在将修改过的页刷新到磁盘时（只刷新了部分数据），系统奔溃

让某些数据库操作符合状态转换的规则

### 原子性 (Atomicity)

保证某些操作要么全做，要么全不做，没有中间状态。

### 隔离性（Isolation）

> 其他状态转换不会影响到本次状态转换。

如果狗哥同时向猫爷进行两次 5 元的 转账操作 T1 和 T2。在数据库中这个操作可能是分几步的。T1 和 T2 中的操作可能是交替进行的。就有可能相互影响到。例如 T1 和 T2 同时读到狗哥账户余额是 11 元，然后再减去 5 元，最后两次将账户余额保存为 6 元。但是却先后两次向 猫爷账号余额加 5 元，总共加 10 元，余额变为 12 元。

狗哥账号只减了 5 元，而猫爷账号余额加了 10 元。

### 一致性（Consistency）

数据库是现实世界的一个映射。数据库的数据也要符合现实世界数据的约束。比如账户余额不能为 负。身份证号不能重复。

数据库的数据符合现实世界数据的约束 (all defined rules)，就是符合一致性。

要符合一致性

- 数据库本身的约束

  唯一索引、外键、not null 声明

- 业务程序的约束

  例如，如果更新后账户余额会小于 0，就不做更新

### 持久性（durability）

数据库操作所修改的数据都应该在磁盘中保留下来

## 事务的概念

为保证 Atomicity 、Isolation、Consistency、Durability，ACID 。

把需要保证 ACID 的一个或多个数据库操作称为事务 （transaction）

事务的状态

- active

  数据库操作正在执行

- partially committed

  操作在内存中完成，但未刷新到磁盘

- failed

  事务处于 active 或 partially committed，由于错误（数据库或操作系统的错误或断电）无法执行。

- aborted

  事务处于 failed 时，需要失败事务对数据库的影响（回滚）。回滚完成后，即为 aborted

- committed

  数据刷新到磁盘后

## MySQL 中事务的语法

### 开启事务

- begin [work];

  ```
  mysql> begin;
  Query OK, 0 rows affected (0.00 sec)
  ```

- start transaction;

  ```
  mysql> start transaction;
  Query OK, 0 rows affected (0.00 sec)
  ```

  修饰符

  - read only   只读
  -  read write  读写
  - with consistent snapshot  启动一致性读写

  多个修饰符

  ```
  mysql> start transaction read write, with consistent snapshot;
  Query OK, 0 rows affected (0.00 sec)
  ```

### 提交事务

```
mysql> start transaction read write;
Query OK, 0 rows affected (0.00 sec)

mysql> commit work;
Query OK, 0 rows affected (0.00 sec)
```

```
mysql> select * from account;
+----+--------+---------+
| id | name   | balance |
+----+--------+---------+
|  1 | 狗哥   |      11 |
|  2 | 猫爷   |       2 |
+----+--------+---------+
2 rows in set (0.00 sec)

mysql> begin;
Query OK, 0 rows affected (0.00 sec)

mysql> update account set balance = balance - 10 where id = 1;
Query OK, 1 row affected (0.00 sec)
Rows matched: 1  Changed: 1  Warnings: 0

mysql> update account set balance = balance + 10 where id = 2;
Query OK, 1 row affected (0.00 sec)
Rows matched: 1  Changed: 1  Warnings: 0

mysql> commit;
Query OK, 0 rows affected (0.01 sec)

mysql> select * from account;
+----+--------+---------+
| id | name   | balance |
+----+--------+---------+
|  1 | 狗哥   |       1 |
|  2 | 猫爷   |      12 |
+----+--------+---------+
2 rows in set (0.00 sec)
```

### 手动中止事务

```
mysql> rollback;
Query OK, 0 rows affected (0.01 sec)
```

发现错误后手动回滚

```
mysql> begin;
Query OK, 0 rows affected (0.00 sec)

mysql> update account set balance = balance - 10 where id = 1;
Query OK, 1 row affected (0.00 sec)
Rows matched: 1  Changed: 1  Warnings: 0

mysql> update account set balance = balance + 1 where id = 2;
Query OK, 1 row affected (0.00 sec)
Rows matched: 1  Changed: 1  Warnings: 0

mysql> rollback;
Query OK, 0 rows affected (0.00 sec)
```

如果服务器程序在执行事务时出错，无法继续执行，会自动回滚。

### 支持事务的存储引擎

目前只有 InnoDB 和 NDB 存储引擎执行事务。

```
mysql> create table tbl1(
    -> i int
    -> ) engine=InnoDB;
Query OK, 0 rows affected (0.02 sec)

mysql> create table tbl2(
    -> i int
    -> ) engine=MyISAM;
Query OK, 0 rows affected (0.01 sec)
```

InnoDB

```
mysql> select * from tbl1;
Empty set (0.00 sec)

mysql> begin;
Query OK, 0 rows affected (0.00 sec)

mysql> insert into tbl1(i) values(1);
Query OK, 1 row affected (0.00 sec)

mysql> rollback;
Query OK, 0 rows affected (0.01 sec)

mysql> select * from tbl1;
Empty set (0.00 sec)
```

MyISAM  

```
mysql> select * from tbl1;
Empty set (0.00 sec)

mysql> select * from tbl2;
Empty set (0.00 sec)

mysql> insert into tbl2(i) values(1);
Query OK, 1 row affected (0.00 sec)

mysql> rollback;
Query OK, 0 rows affected (0.00 sec)

mysql> select * from tbl2;
+------+
| i    |
+------+
|    1 |
+------+
1 row in set (0.00 sec)
```

回滚没有生效

### 自动提交

```
mysql> show variables like 'autocommit';
+---------------+-------+
| Variable_name | Value |
+---------------+-------+
| autocommit    | ON    |
+---------------+-------+
```

如果没有显式地使用 begin 开始事务，那么每一条语句都是一个独立的事务

关闭自动提交

- SET autocommit = OFF;
- begin;

关闭之后，写入的多条语句算入一个事务。需要 commit 或 rollback。

### 隐式提交

某些特殊的语句会导致事务提交

- Data definition language

  create alter drop 等

- 使用或修改 mysql 数据库中的表

  事务 alter USER   create USER

- 事务控制或关于锁定

  ```
  begin;
  select ..;
  update  ....;
  begin; // 隐式提交前边语句所属的事务
  ```

- 加载数据

  load data

- mysql 复制

  start slave    stop slave

- 其他语句

### 保存点

define

```
mysql> savepoint s1;
```

rollback 

```
mysql> rollback work to savepoint s1;
```

release 

```
RELEASE SAVEPOINT 保存点名称;
```



```

mysql> begin;
Query OK, 0 rows affected (0.00 sec)

mysql> update account set balance = balance - 10 where id = 1;
Query OK, 1 row affected (0.00 sec)
Rows matched: 1  Changed: 1  Warnings: 0

mysql> select * from account;
+----+--------+---------+
| id | name   | balance |
+----+--------+---------+
|  1 | 狗哥   |       1 |
|  2 | 猫爷   |       2 |
+----+--------+---------+
2 rows in set (0.00 sec)

mysql> savepoint s1;
Query OK, 0 rows affected (0.00 sec)

mysql> update account set balance = balance + 1 where id = 2;
Query OK, 1 row affected (0.00 sec)
Rows matched: 1  Changed: 1  Warnings: 0

mysql> select * from account;
+----+--------+---------+
| id | name   | balance |
+----+--------+---------+
|  1 | 狗哥   |       1 |
|  2 | 猫爷   |       3 |
+----+--------+---------+
2 rows in set (0.00 sec)

mysql> rollback work to savepoint s1;
Query OK, 0 rows affected (0.00 sec)

mysql> select * from account;
+----+--------+---------+
| id | name   | balance |
+----+--------+---------+
|  1 | 狗哥   |       1 |
|  2 | 猫爷   |       2 |
+----+--------+---------+
2 rows in set (0.00 sec)
```

